0.0,0.0,0.0,0.0,0.0,0.0,0.0,0.0,0.0,0.0,0.0,0.0,0.0,0.0,0.0,0.0
-24.393738249108853,-24.358688660009392,-24.356128627993733,-24.18541235988734,-24.604013969503647,-24.667016568501708,-24.702269936285585,-24.757628308445824,-24.88531282026459,-24.975593768494434,-25.122917655910943,-25.023378591651895,-25.106860210745882,-24.972757336210726,-24.350905472505193,-24.957630452270458
-24.342481929049253,-25.050488290893203,-25.21386713265266,-25.085761905435117,-25.90467472180154,-26.31936011226186,-26.373121088489178,-26.16193238785833,-26.388420698144323,-26.254214372099256,-26.210991821224617,-26.310287144785022,-26.639477331049875,-26.803081259109018,-25.377040141026587,-26.714886067149283
-26.22227376637459,-26.98043247704052,-26.964907785255953,-27.064085753948426,0.0,0.0,0.0,0.0,-20.524670618785045,-20.63328334635372,-19.999895673705776,-20.337609193290547,-26.632107961286202,-26.69265278278248,-26.491564863250726,-26.65904331114195
-25.179385105206887,-25.13109503026793,-23.88927953348519,-25.161622232745582,-22.980791559630223,-24.206178270482198,-24.018674973112223,-23.998124373329592,-24.49724902394641,-25.190242871946538,-25.19359833951006,-25.209517927714458,-25.429755029826083,-25.30909177594222,-25.36337340726209,-25.199555157449026
-25.392630160980076,-25.56899604960602,-24.385439509954292,-25.496783127074742,-26.668924136636015,-26.70212557168783,-25.841893954425412,-26.708352452006,-27.664499299662722,-28.18404144325928,-28.145613859677557,-28.08678825383462,-26.736223091511896,-25.271463318310364,-26.718477939560724,-26.78055424882655
-26.33852508957045,-26.248408445531645,-26.58556784003977,-26.542931798769843,-28.161522119862575,-28.051686013385478,-28.073839892850547,-26.94616930811342,-29.52063452080668,-29.197561488353557,-29.417581917670656,-29.27040582767464,-27.107948795176377,-28.834473033359558,-29.147990318239003,-29.06252927819778
-26.286256330622134,-27.52011319390884,-27.52200906132089,-27.587017211675033,0.0,0.0,0.0,0.0,-16.008627415445588,-16.019892680827077,-15.876409950883371,-15.605808324347823,-29.19531013782408,-29.080426690706155,-29.15715277823541,-29.121444645012907
-27.24449012564763,-25.29815175492742,-27.280390400682524,-27.147596364857602,-25.15789084211604,-25.204619403074744,-25.235857026033756,-25.001633433259137,-26.153053722275068,-26.297061966504945,-26.037597247901907,-26.12772242364321,-25.881730238345455,-26.521474034332734,-26.505590293544827,-26.381126320802117
-27.472795657381536,-25.956911262655503,-27.523196406809483,-27.52689291486533,-27.492361604149885,-25.93489344205959,-27.35743017634211,-27.338082012044985,-28.95783827612192,-29.188427195479303,-29.03081775356383,-29.168632571004537,-28.242099716833575,-28.92697764537138,-29.04951089455096,-28.9120501575752
-27.808998446742432,-27.78885725512901,-27.231196126730705,-27.917690289639737,-28.76524710025933,-28.55779520510368,-27.84345306532076,-28.59234602505766,-26.336976391395595,-26.349223683005473,-26.146685582701057,-26.85110452809968,-30.21573195048737,-30.516405996979017,-30.55372381491061,-30.469162941518192
-29.144573827499542,-29.108298294914636,-27.91618772666558,-29.270325610918256,0.0,0.0,0.0,0.0,-5.627794258172383,-2.7968052977184126,-2.9980556847503275,-3.1474063806128374,-30.343478055216927,-29.73478211439295,-30.599284333398515,-30.325722437905576
-26.960338838113287,-26.46829541257315,-27.047407601293376,-26.976960235562842,-25.112128780457716,-26.81853769120516,-26.748401126281454,-27.097574493165887,0.0,0.0,0.0,0.0,-21.45483291811875,-21.66861222294689,-21.398114602538875,-21.499462990666824
-27.791958034875776,-26.986330775361488,-27.75504880395873,-27.773943585371846,-28.824894204001772,-28.90874867291611,-27.213138018615073,-28.609101364967923,0.0,0.0,0.0,0.0,-28.863894684476072,-28.788200359180923,-28.57736348610271,-28.782933407011978
-28.42200618315406,-28.59729810405363,-28.708895470232807,-27.556346108350027,-29.628256050093633,-30.197576193496058,-30.185019151180047,-30.157019884663505,0.0,0.0,0.0,0.0,-29.82430686168682,-29.39049125571924,-29.88374459447921,-29.918981776904886
-30.193548448104533,-30.278862840585486,-30.068428305893416,-30.226290225991605,0.0,0.0,0.0,0.0,0.0,0.0,0.0,0.0,-21.102903548549833,-21.774742028158755,-21.062520422462438,-20.649837720898123
-24.852096744088755,-24.91089546825912,-24.954742721085573,-24.97307234566805,-25.055028527767817,-24.89137750352915,-24.85346146976417,-24.890973988741646,-24.28779343962634,-24.298421526293325,-24.237161288373475,-23.32939713558497,-24.964237839683804,-24.963215564711696,-25.04618611944877,-23.974024667951994
-26.64676555490403,-26.39103070964029,-25.001001511444574,-26.600012896096423,-28.084367702817218,-28.109318702042714,-28.156854237531746,-28.1743504177507,-26.450021860818605,-26.796414949374185,-26.42643732008765,-26.258352278542493,-27.448312184817976,-27.961960597688524,-27.952373200289802,-27.934968255439088
-26.20884638564377,-27.058762139215197,-26.769341954225865,-26.877995684628573,-29.099616900041724,-29.49987810712051,-29.457769574834067,-29.504347772524554,-26.29524766234982,-27.94274979030901,-27.862525597571622,-27.83996965409199,-29.704022344905205,-29.746549145858147,-28.659585013019747,-29.77197030781369
-28.117264337829447,-28.11745022964295,-27.20044328604838,-27.938595808551067,0.0,0.0,0.0,0.0,-27.145913545755317,-27.721664315597515,-27.74714559408221,-27.79345486824844,-28.68936663183603,-29.78913254845049,-29.791574047993663,-29.63776804051258
-25.672969874032255,-26.905742293230567,-26.91668212372194,-27.025856420989648,-25.215285443990638,-25.364135161019586,-24.51156016486541,-25.20399500357326,-26.53906793723621,-26.628284059583958,-26.546375884787825,-25.27824282542069,-26.695028948584344,-27.57619323079095,-27.657664772364267,-27.525170858842237
-26.903592807283317,-26.881332079854673,-26.914125536923628,-26.50054302952483,-25.930796848822183,-27.74246419465419,-28.01288712702314,-27.660865897795468,-28.998731227885507,-29.027873952292037,-29.04212765676954,-28.525196171363596,-29.28314243955967,-28.369407692833978,-29.413528798418803,-29.185430145554484
-27.535201653332166,-27.3853914783734,-27.375425051923525,-26.518144973937055,-29.193697543435214,-29.29114929651474,-29.14983642707733,-28.000744693800854,-28.60455785572057,-30.58177159426096,-30.566513720665714,-30.444062530331163,-30.630887254121035,-30.577408747346645,-30.964455293614176,-29.752875921060358
-27.283629600583776,-28.65327459321623,-28.633863916663095,-28.627161670027803,0.0,0.0,0.0,0.0,-29.97884545293773,-30.427892695865097,-30.246656177523278,-30.274436172348928,-29.687568351470627,-29.84291032291958,-29.98869922767231,-29.537638734360844
-28.889300586571725,-28.873099634308076,-28.869631252072985,-28.28630072840764,-26.675891689761258,-26.48140228135367,-25.387274314324976,-26.491513223652078,-28.1513268267815,-28.124268183485192,-28.150982323094382,-28.098771068964083,-29.42909851324552,-29.366068943987077,-29.509236822429873,-29.465434375962296
-28.803308380376958,-28.28133116708648,-28.94361560513649,-28.741092873139298,-26.7184976878692,-28.84148977357793,-28.90601127701995,-28.78994574339394,-30.532327383029298,-29.41145499741812,-30.48189321434652,-30.4781243443517,-30.824159278860236,-31.205905119319983,-31.054101832395954,-30.740282955733583
-28.734506502419773,-28.620209587668555,-28.77575713890401,-27.95100052522736,-29.85113054989575,-29.770428341161736,-29.845450589241565,-28.222410163706787,-32.71850474650632,-32.687151770205446,-32.57560802209889,-32.239817769106146,-29.485681148367455,-29.441898551413832,-29.471322214523116,-28.937318173058177
-28.9225505178428,-29.808536978426986,-29.743448441269983,-29.695470307154572,0.0,0.0,0.0,0.0,-32.08659829501421,-32.08073426596807,-31.992254011356405,-31.716501153321847,-12.049360357375008,-12.266946764203453,-11.450091482775731,-10.932063395557412
-29.117059079498343,-29.234220395895534,-29.126658106007692,-27.614157867248032,-27.726287122344342,-27.538431714858486,-26.350539259484314,-27.76638396761645,0.0,0.0,0.0,0.0,-18.67579027567034,-18.277645332612877,-18.579680174284217,-17.69840352295934
-28.691345566692085,-28.652415421560157,-28.69186154800932,-27.720379125647845,-29.807981534921296,-29.79467439397368,-29.006562558855794,-29.919386512166458,0.0,0.0,0.0,0.0,-25.227380324203345,-25.41006698193135,-25.393078221783185,-25.482132794566578
-29.48411700290527,-29.286239196820443,-29.196132223118507,-29.399435295397634,-31.427541085024107,-30.40471990670624,-31.391262510495093,-31.405748016944344,0.0,0.0,0.0,0.0,-2.87732033653319,0.0,-3.2549742101360644,-2.6418484883120654
-30.893480299085404,-30.963009299274987,-28.767109874768856,-31.01571707192613,0.0,0.0,0.0,0.0,0.0,0.0,0.0,0.0,-3.2628100358669414,-3.3908248752224424,-3.408898230511017,-5.606442598665264
-26.7937465346487,-25.59063568032653,-26.639468086604918,-26.602665163510068,-27.042488955513758,-27.11341685904645,-26.539890463693908,-27.083326333053986,-24.27042202992763,-25.12383998340316,-25.116631932643408,-25.22861999660534,-26.16687949326749,-26.13828517814462,-26.131582638542316,-26.22615282203154
-27.7241572258765,-27.18388535532762,-27.836046583191454,-27.82947065006954,-28.52465638260074,-29.686646254621895,-29.848916216524465,-29.799198745796943,-27.058537505971195,-27.16720095272142,-27.027817871175856,-26.313805472447566,-29.635137719329535,-29.649664489345913,-29.673875028864266,-29.399733172985428
-28.152806612642387,-27.37792104034136,-28.112294343417403,-28.456053056436783,-30.225214198636113,-30.973736185146095,-30.91439727946709,-30.94461217527686,-27.12242522398626,-28.069596975606927,-28.343966854443778,-27.995653783622853,-31.373172547042515,-31.497365018015227,-31.40714454529421,-31.436632752479454
-29.593291333356177,-29.765335237990314,-29.56408244021001,-28.094860197868435,0.0,0.0,0.0,0.0,-28.378943324336774,-28.354470240209842,-27.533774056598048,-28.40970348637752,-29.20336563762626,-29.48109165826184,-29.652757842686228,-29.4623154315094
-28.835667869779684,-29.1786311520551,-28.23286822947624,-28.835703331368954,-27.277266644884456,-27.31620828086064,-27.25040958848309,-26.06339818810474,-26.691039378116855,-27.35335894615034,-27.352362800082886,-27.375208333827207,-29.16889338888235,-29.422265279141293,-29.449126701634867,-29.43831337703325
-28.37516748777869,-28.28786218167936,-27.920169954408642,-28.566803054516583,-29.610442294522425,-29.702338427741964,-27.178388634048606,-29.819670961502176,-28.790282197401815,-29.08145423458666,-29.14499620233453,-29.078555340689675,-30.952515277045116,-30.784549278902453,-30.389067949937626,-30.86525062699407
-29.255262543816567,-29.31959174258993,-29.312605598975033,-27.716503780841492,-31.30576353050872,-29.673158800482828,-30.91925805523205,-31.22628247328657,-30.287428542582436,-30.32806487348753,-30.393886378830658,-29.422922514666155,-30.80987842004886,-30.408825183218465,-30.60435594082777,-30.587202149688068
-30.478071753306285,-29.31387566358263,-30.446801490740928,-30.568531512914397,0.0,0.0,0.0,0.0,-29.403280969022962,-29.246679659773978,-29.167313367493403,-29.16778770905806,-13.520383824187732,-13.170029604159929,-14.367399983790909,-12.866653931204736
-30.715199764972677,-30.653549464639184,-30.620088451784902,-30.432766957571427,-28.062078719440496,-28.10573367051157,-26.94690644735352,-28.02479182401486,-28.509890287242804,-28.458199794425866,-28.560208789111492,-28.506224641470858,-26.858563537898362,-27.326293218184098,-27.043056805519342,-27.04805209474057
-30.74533681976858,-30.351688555907277,-29.90137991614216,-30.858019853001952,-30.17370611539414,-30.244965323518258,-30.18495402149146,-29.480232763366452,-30.488105548469267,-29.8543122293159,-30.506657348958182,-30.424183138814612,-32.16081315285368,-32.143751590511,-32.4527229710616,-32.175214572097595
-31.112392707766528,-31.08876677500504,-28.475760352090884,-31.20284447657228,-31.27798484097214,-31.227566970880464,-31.264599414057745,-30.033383024707476,-26.81454785173275,-31.118765403936024,-31.054570093429124,-31.0188774749738,-19.56912483938293,-18.156517610020675,-19.85610658169395,-18.465301357773683
-32.02468642865381,-30.98388731901582,-32.17453280460358,-32.033970702145574,0.0,0.0,0.0,0.0,-2.9791890628149287,-5.881477577952277,-1.6537855471679497,-3.2892325410403913,-11.089816542747784,-15.94493367655873,-11.447042500535954,-12.401143512840143
-30.56872288061362,-31.000590122186413,-31.03302442358379,-30.978001955524867,-28.41147199059678,-28.93931844739228,-28.993129939383284,-28.928026065831205,0.0,0.0,0.0,0.0,-8.547358056133653,-7.997721079057012,-6.0197729977848295,-8.367054209133801
-30.946985295935303,-30.95931752348772,-28.95532591624166,-31.074829796868958,-30.469887024980764,-30.820855015300126,-30.7083437241847,-30.873828609056527,0.0,0.0,0.0,0.0,-13.209521637447068,-13.237034094874438,-13.693155977710514,-12.255785675750793
-31.150481306456683,-31.742009428561758,-31.655455716936416,-31.86374034738064,-30.922025404124955,-30.806070942978085,-31.061326665844383,-30.816770622789065,0.0,0.0,0.0,0.0,0.0,0.0,0.0,0.0
-31.654759405166907,-32.40182076204458,-32.30216833919924,-32.21810113878993,0.0,0.0,0.0,0.0,0.0,0.0,0.0,0.0,-3.5507937324831205,-3.0969007286818093,-3.4006412703505635,-3.248560483953493
-19.3935445895859,-19.417279961394723,-20.300516626747743,-19.971174910253453,-26.11429686416774,-26.456964997319012,-26.815088349553864,-26.54251214523159,-26.796658808746514,-25.62451691020773,-26.888151384998498,-26.917222715807924,0.0,0.0,0.0,0.0
-28.020063494956876,-28.04975930286702,-28.015082765945607,-27.798202494048898,-29.73034809560151,-29.542593350064315,-29.67272702182957,-29.86970727522253,-26.882687385224884,-28.465700811264085,-28.720093751089316,-28.3840048829266,0.0,0.0,0.0,0.0
-27.638631800174903,-28.490776791372763,-28.372866246056514,-28.416578029096755,-28.568876977263713,-28.570425409155575,-28.871910162383674,-28.705493717114802,-29.870873879031976,-28.592555110800888,-29.6203652971899,-29.534690927568526,0.0,0.0,0.0,0.0
-29.80668203346745,-29.823222504436714,-29.181808721997278,-29.889420290810577,0.0,0.0,0.0,0.0,-29.965725995596596,-29.91636818198278,-30.005521288966875,-29.37770248787649,0.0,0.0,0.0,0.0
-28.474304014601707,-28.385981274607353,-28.248640671578976,-28.396713878606434,-27.708827159505937,-27.619285546587523,-27.62593581819658,-26.563660251583208,-29.165537170782258,-29.040233275609356,-28.86436866524326,-28.96651446187851,0.0,0.0,0.0,0.0
-28.57916198359391,-28.03142303431291,-28.489880928052305,-28.58037919489691,-28.323210480569994,-30.02161826613543,-29.78546616913671,-29.937624852500257,-30.387619999299616,-30.35805416799367,-30.503663619697885,-29.506177551908706,0.0,0.0,0.0,0.0
-29.48717302723886,-29.50961626887991,-27.795606010148717,-29.468065610736165,-30.7644256893494,-31.522506140427087,-31.698631650265668,-31.737484887446705,-30.838864765393176,-30.75846111329786,-30.877732276795147,-30.221328825150998,0.0,0.0,0.0,0.0
-31.142564972398652,-29.819912767706914,-30.706655189380854,-31.047053462803675,0.0,0.0,0.0,0.0,-24.27746213136295,-24.35156282689369,-24.69951153638445,-24.09999829608319,0.0,0.0,0.0,0.0
-29.582336145018377,-30.057280814864733,-29.837157030489738,-29.849044636593888,-27.89924574014631,-28.4675117295221,-28.510537645890203,-28.536177669001102,-29.56054398728871,-30.53829384410097,-30.359371953140858,-30.306674878368113,0.0,0.0,0.0,0.0
-30.89364517068249,-30.22590324331554,-30.792613098227914,-30.96387647332879,-30.162950658486785,-30.54479349058407,-30.463873581206183,-30.472781060968916,-31.12342816769368,-31.08548398143944,-31.09589209897756,-31.10756202099583,0.0,0.0,0.0,0.0
-31.143022471533328,-31.238408047788003,-31.253020516212622,-31.20800167996588,-31.641811678914177,-31.573456176195158,-31.656129490218994,-31.515689775973406,-28.57274751379154,-28.779714506335512,-28.60216271091502,-26.740407426891228,0.0,0.0,0.0,0.0
-32.364683440615615,-31.65603880507271,-32.50818190380436,-32.36337064157251,0.0,0.0,0.0,0.0,-8.231437647842249,-7.134508289340336,-6.003455660422144,-9.196774713649978,0.0,0.0,0.0,0.0
-20.85202239782449,-19.74156053521735,-21.355757110877416,-20.176001049119243,-28.497848334145758,-30.304324417905356,-30.201386139623363,-30.21659314860618,0.0,0.0,0.0,0.0,0.0,0.0,0.0,0.0
-31.40334922327864,-30.858741796268745,-31.580896093688416,-31.391124842264546,-31.552747467910347,-31.666927909054085,-31.618671916810598,-31.687333287573995,0.0,0.0,0.0,0.0,0.0,0.0,0.0,0.0
-31.9599275609281,-32.275575601954756,-32.30299275244667,-32.45674156668803,-30.405920433569218,-30.159358620751206,-30.507334006137228,-30.424766587716228,0.0,0.0,0.0,0.0,0.0,0.0,0.0,0.0
-33.01852622957938,-33.03478644591914,-32.93282076865103,-33.14948461978644,0.0,0.0,0.0,0.0,0.0,0.0,0.0,0.0,0.0,0.0,0.0,0.0
-25.29654634421678,-25.04079792169565,-25.427976485884045,-25.461809878242956,-25.378660364397785,-25.28109714355711,-25.355826325881498,-25.416607217522778,-25.018649480908138,-24.984620242132277,-23.954876929468163,-25.05085776455604,-24.137181263060555,-24.328980629225953,-24.310026206703014,-21.704448060008524
-26.74714772326872,-25.48808573887956,-26.719308762724506,-26.704905839622374,-27.187592783215734,-27.976387080651307,-28.038982583429533,-27.85665331318243,-25.615248606283437,-27.12126462088503,-26.923201154029446,-26.973737917530613,-25.6085465844558,-25.266204582976616,-24.260435732410134,-25.422547431245597
-27.33031121390218,-27.414539842538364,-27.302430920196375,-26.042677881393658,-29.19458191638348,-29.17625250195233,-29.34641083687712,-29.350520437183945,-29.036955862868965,-29.179079888277357,-29.070055737302436,-27.425645481260776,-27.495201346363668,-27.373470696536764,-25.988875003106518,-27.368863786170568
-28.753234156828416,-28.686708106007273,-28.32297374108191,-28.75213907827936,0.0,0.0,0.0,0.0,-29.170883235433834,-29.10035703671162,-28.492509523261774,-29.120586390037314,-26.380522924534407,-27.872698991871154,-27.972139118295097,-27.749498177700826
-27.84636107095487,-27.738915144752145,-26.34183817583999,-27.836867106718053,-26.654149649799976,-25.549098491455055,-26.68005389924904,-26.304033512956877,-27.931994617737747,-27.30029705259888,-27.970052895166614,-27.90981047868573,-26.804357065666522,-26.86923064138275,-26.90307406441487,-26.820057431580974
-26.676923470417677,-27.66000524923301,-27.805432296896445,-27.65753723229939,-28.851498501151752,-28.078369574845063,-28.87692497600125,-28.909950506143254,-29.514138984359885,-27.949735774881397,-29.474095250105933,-29.4549721879594,-25.272471557643506,-27.104306464392092,-27.04311747620358,-27.046991443354138
-28.300056848661097,-26.959495258986877,-28.573619509870667,-28.293101028294636,-30.561783597716385,-29.22170082806791,-30.615144929957182,-30.54397952219233,-30.487172847148933,-30.41571165277596,-30.138427487655477,-30.55746805076107,-28.750874742556785,-28.738796873219012,-27.24937118828909,-28.540395923386278
-29.661669919552722,-29.794562066705154,-29.721889052886247,-28.555904442523875,0.0,0.0,0.0,0.0,-26.27358341935377,-26.191064001158345,-26.36827649778752,-26.792945330632026,-28.691745815600818,-28.821883575922225,-27.618786659962012,-28.714508318974538
-29.368927188315496,-29.55502704449733,-29.665957389528057,-29.657515597500247,-27.200084697004517,-27.205158556492975,-27.20404762368755,-26.52673461191527,-29.58788627199772,-29.514866201234383,-28.989468881954206,-29.54187763863139,-26.877496430499814,-27.804726485896765,-27.816889885360926,-27.828886959999206
-30.167515339253914,-30.42510168134665,-29.980027308196636,-28.6074383910647,-29.142663993853716,-29.113882157380733,-28.14018369821969,-29.186644211632732,-30.732964770723907,-30.676629704896143,-30.752677980137463,-30.94511927453967,-28.259890442533756,-28.506032706535866,-26.454191339995813,-28.341297381290115
-30.315366969536953,-30.28516440083385,-29.39562383116999,-30.393447253015257,-30.28826755287966,-30.443516871771216,-30.17423904904102,-30.188468719029686,-31.71490797657772,-31.850081810768586,-31.68215257800877,-31.68556959774666,-30.52038725847911,-30.56986327291243,-29.07895094966234,-30.653591744274355
-31.17701267418863,-31.278770062797296,-31.242442248650416,-31.0262444192607,0.0,0.0,0.0,0.0,-8.145313639426934,-5.785787199399287,-7.012623082958665,-6.577476542146898,-30.93733492310947,-30.89053624906402,-29.67798741233097,-30.8024100947786
-29.801000373480434,-29.75824445166986,-29.842875837017136,-29.76750923108508,-28.615492127842163,-28.628461708978506,-28.526725230791293,-28.487696608516487,0.0,0.0,0.0,0.0,-27.85728991096466,-27.86611001028169,-27.898228024703496,-27.81268359315003
-28.68951275136039,-30.31227823863531,-30.29024477351647,-30.276838558587063,-30.338211112413187,-30.338692636024522,-30.4604220636226,-29.186341670149105,0.0,0.0,0.0,0.0,-28.54709393002285,-28.048288806802063,-28.46269681465869,-28.515373732546657
-30.5701782919266,-30.576414455372948,-29.95621400033496,-30.571006796047403,-31.094419272641318,-30.816417689109205,-30.887957696937516,-30.770123093434215,0.0,0.0,0.0,0.0,-28.92831145263614,-30.494209055132874,-30.441509822718594,-30.954463299853487
-30.588017201257824,-31.26931973153623,-31.570880540244225,-31.36885403933102,0.0,0.0,0.0,0.0,0.0,0.0,0.0,0.0,-30.55605192116508,-31.305992301994273,-31.284827126711825,-31.36183262424216
-27.862432577504276,-27.940776456575758,-27.915118941212384,-26.75165426354615,-25.74699693008144,-26.870076620555885,-27.24506489309625,-27.031259897831713,-24.0518986229281,-25.671135073246223,-25.3722513895305,-25.382169710257163,-26.4992081692614,-25.54678720291926,-26.559805359763146,-26.587897507957823
-29.095838105049324,-28.793742290137033,-28.87571053968584,-28.107532052208754,-29.71403238562425,-29.844501470054322,-29.500532967291814,-29.141411396449364,-26.929058280111338,-26.839344379704492,-26.9961767908395,-25.860209347639177,-27.956322629602074,-25.722422625087795,-27.699482484332115,-27.74275356517496
-29.314802925859354,-29.32359918833807,-29.296137092962887,-28.749010953302665,-30.008162497634757,-30.570744107450317,-30.616921721328247,-30.496967303173708,-28.303021788763804,-26.045605312736157,-28.394529336496635,-28.51263665911383,-29.98274916695035,-29.952032109963195,-28.794744797501238,-29.785645337995383
-29.750664269753415,-30.50414057348847,-30.455749257940873,-30.382350891035475,0.0,0.0,0.0,0.0,-28.540862839893972,-28.417070715931903,-28.156002858808947,-28.40546021724085,-29.823443888289674,-30.120090265315334,-28.32943149145169,-30.050689921459913
-29.615151246986265,-29.482620793898747,-29.759539387287926,-28.32780703858653,-27.332731471951107,-26.844121129711752,-26.85489799647127,-25.676570038578575,-27.74813825430334,-27.64493945244834,-27.572600121009216,-26.087270247619507,-29.515658423320346,-27.96396504155375,-29.528738606044392,-29.33634015143578
-30.294059207485535,-30.14822274345454,-28.32532375652441,-30.114517553195114,-29.345500260847015,-29.329814902975478,-28.082420861206465,-29.5875047292934,-29.722037010204048,-29.764449967263815,-29.726128327869507,-29.402896954177358,-29.834083717824686,-30.03022122925958,-29.476780157460063,-28.100005644910873
-30.453399740451676,-28.764984358399754,-30.467515203732457,-30.47277742523244,-30.740948851650085,-30.695208654156012,-30.49044393245206,-30.922744343950157,-30.55886530398004,-30.10930326625802,-30.691331793502172,-30.775054195744616,-31.092408001114723,-31.113282377012453,-28.84456128552356,-31.088701958534433
-32.62551331657887,-32.64662990119446,-32.747429311480474,-31.97856986627331,0.0,0.0,0.0,0.0,-30.792759508659525,-30.191011468441207,-30.89417715477917,-30.855670836089523,-29.70948983600576,-30.50844759786226,-30.910036554992104,-30.505979016247665
-30.347840610157952,-30.83361526663573,-31.493264958501612,-29.180641780114087,-26.50245742738352,-27.40298878695361,-27.38330332040519,-27.5408736096471,-29.431215873730434,-26.918794905137,-29.422132689631365,-29.156223133656543,-30.570449200139432,-30.658499642213393,-29.696103520977758,-30.599294566082335
-31.87234844091288,-30.383926466298572,-31.523340118669623,-31.553979969940386,-28.938711154973916,-30.058560893912343,-30.17077748961991,-30.276582156962462,-30.74852844975801,-30.94217462338077,-29.84545341704731,-30.736503476239086,-30.690578189227054,-30.657305136285903,-29.719789427532127,-30.791016222943412
-33.197110865249726,-33.125888323907816,-33.2742003020341,-32.807787086843526,-29.7051322387926,-30.779639875970425,-31.002810970895393,-30.99147530848925,-31.52482839778362,-31.353631870062877,-31.358114560499704,-31.539532351689378,-30.547867279734437,-30.051185519797812,-30.519429737665355,-30.499229843793096
-32.35392070541275,-32.517437674096676,-32.309372232426654,-32.35333987664747,0.0,0.0,0.0,0.0,-17.292197988578646,-18.40548348378427,-17.269649831220704,-18.640108862724276,-16.488298828834264,-15.794496035695252,-14.835632665314696,-15.746420473357407
-30.075708588497065,-30.330405058344752,-29.94093112177812,-30.433316901188107,-28.68385193056702,-26.736435171970506,-28.66909249505226,-28.666598901282754,0.0,0.0,0.0,0.0,-29.39180688266816,-30.51003536995049,-30.477697109040506,-30.4463013561061
-32.999891713701665,-33.481458884277494,-33.557563460089206,-33.5403385543174,-30.753407160102554,-30.874886327340803,-31.087395498077612,-30.865952818495906,0.0,0.0,0.0,0.0,-30.016049164267805,-30.4034846526664,-30.051881260387635,-30.217174036032816
-31.45372434236041,-31.341348513124192,-31.632011462038072,-31.52425183437161,-31.362156409775203,-31.251873231190253,-31.306660232220803,-31.228408916077683,0.0,0.0,0.0,0.0,-5.3812472578773605,-5.420840489193317,-7.651460141687394,-5.372464387789743
-33.11465894483273,-32.43586678678873,-33.00709858052311,-33.064175950896335,0.0,0.0,0.0,0.0,0.0,0.0,0.0,0.0,-8.847433476100548,-10.282752295942615,-10.739063594441802,-7.734796861439506
-29.229315713805754,-29.32742217875206,-29.23216744653388,-29.447951429683005,-29.101370858650995,-26.785791269196313,-29.116349641518838,-29.17060695412383,-25.358301204667153,-26.37964634415358,-26.143815240647278,-26.460289048323283,-27.819251136545653,-28.1193766563923,-28.14993673989408,-28.145659764321117
-30.97607618103391,-30.74279593128135,-30.761308755216152,-29.479434778008848,-29.644270659973593,-30.31182127587574,-30.14389964329761,-30.228070128244507,-25.466121380142155,-27.422784164142605,-27.409591673009647,-27.50315386712456,-28.93563784674007,-28.818522863539354,-28.85669871969816,-27.015876353554834
-30.64338205945449,-30.78068005569331,-30.766920419316286,-30.78031971697014,-30.696013073687844,-31.339521718368502,-31.196249937126897,-31.05594330740192,-29.233990822898996,-29.222029723759178,-29.23238342772393,-27.65826145373401,-29.722773397380614,-31.032089717240595,-31.06336078549641,-31.297953375736775
-32.334646976217506,-31.61405935714198,-32.4826627162807,-32.4317126878192,0.0,0.0,0.0,0.0,-28.729347035938655,-29.38630949172433,-29.363791711312754,-29.410060225352783,-30.57169319901997,-31.93012538857352,-31.888008510607584,-31.914601124762036
-31.288726979579568,-31.23674902997147,-30.332348033361733,-31.20125578556075,-28.453374225789602,-27.4245129515782,-28.512682104155676,-28.467775522583892,-27.59677940813587,-28.639244912811048,-28.780641006134374,-28.7085874952316,-30.61432496976755,-30.306623899641757,-30.57318047107763,-30.55756107128682
-30.931433131183635,-30.8681684962803,-29.375768880617862,-30.85707349784926,-30.946576216544756,-30.8229973323279,-31.01691012917494,-29.374100278910916,-29.56131442031149,-30.33362869433427,-30.189495223177204,-30.24209522176617,-30.592776296336346,-30.669156966648963,-28.83910623190786,-30.84045189009069
-31.810342016644178,-31.29912375396545,-31.51507086321468,-30.10854131764752,-32.929665674049566,-32.94722176931586,-32.91336395049943,-33.07908888222402,-31.280154818414623,-31.280962520786566,-30.88996709188931,-31.36755689483813,-32.231066200217064,-32.33395784458519,-31.727839295447502,-32.37500916260221
-33.47634693501628,-33.03440528326916,-33.33103748252314,-33.1957836120916,0.0,0.0,0.0,0.0,0.0,0.0,0.0,0.0,-20.613385548980013,-20.696934706646296,-21.7517632900513,-21.66917076787712
-30.95516280280629,-30.764644021274204,-31.208374852382583,-30.956850274716174,-29.044655518222022,-29.039240234278893,-27.041935484684835,-29.26255182408041,-29.830418746088544,-29.84196945859051,-29.184703357021565,-29.92360665074904,-31.99164440219115,-30.989995699141616,-32.481489617538855,-32.68169536515443
-32.5026279135658,-33.82698896517658,-33.847663526136344,-33.85358137974154,-30.435659180264555,-32.05723079333505,-32.171911410966295,-32.08106351105046,-30.659262722443643,-30.720327429340117,-30.230710740453443,-30.483112140250203,-31.3386757791726,-31.296528604597842,-31.584414031665613,-31.11302332074431
-32.998317718078034,-34.41847909390517,-33.94263381512749,-34.13457120243965,-28.689963798332737,-28.889842665624858,-28.60729874286224,-28.674580776106417,-23.220455418919798,-23.25378689211736,-22.976171287623554,-23.877079255883352,-26.049171079497917,-25.728561869279975,-26.709660621481103,-26.24569751456729
-33.714273573135856,-33.73252375252725,-33.496355211004264,-33.50640053992598,0.0,0.0,0.0,0.0,0.0,0.0,0.0,0.0,-11.222528325498297,-11.315774158878774,-8.825081150102946,-8.91605951575253
-12.971385853157393,-10.910737989615077,-12.99376792252685,-12.644571615163203,-28.069677828525705,-29.611428390297988,-29.597664565519473,-29.600349723164715,0.0,0.0,0.0,0.0,-32.06892151081827,-32.05625142036379,-31.731669502997185,-32.09681967598132
-33.28141559251584,-33.68063570633083,-33.86307952139039,-33.92446914293729,-31.793351541945043,-31.87515488112949,-31.910084599989336,-31.634472061388955,0.0,0.0,0.0,0.0,-3.224761258300727,-7.420416808042224,-0.7079420890214495,-3.2464226928298334
-33.71664833887625,-33.488630604070586,-33.70497969898894,-33.78019625103532,-27.647104025048097,-27.822769105285868,-27.73914448738445,-27.62223835322857,0.0,0.0,0.0,0.0,0.0,0.0,0.0,0.0
-32.95593012423148,-31.947275806485205,-32.90233927877042,-32.962663014194334,0.0,0.0,0.0,0.0,0.0,0.0,0.0,0.0,0.0,0.0,0.0,0.0
-16.575809126524696,-16.38674012724872,-15.898399461672156,-15.092305483242905,-28.89778653074548,-28.922462489501775,-28.93808658798492,-28.485038596492334,-27.689499647872065,-27.56406580029686,-26.260934179141767,-27.595486163478558,0.0,0.0,0.0,0.0
-30.65119721121581,-30.624716114211424,-29.73012166361261,-30.686543396756008,-29.841212184268247,-30.068393334938385,-29.974677447450418,-29.871594490926068,-28.50864223274677,-28.54279928617205,-28.578752243232607,-27.393522272561746,0.0,0.0,0.0,0.0
-28.76683302593635,-29.062047588247193,-28.52362778731355,-28.52947475881135,-13.848649224717816,-12.941424334168047,-11.809792932162093,-14.444083754051771,-29.60972604749402,-30.30064298080112,-30.442860251368476,-30.35617166631721,0.0,0.0,0.0,0.0
-11.809566438195207,-11.544273525967501,-11.545535634708806,-9.964647451688773,0.0,0.0,0.0,0.0,-31.067495498158102,-30.925038237131314,-30.914878508734706,-30.20510297151608,0.0,0.0,0.0,0.0
-25.454304450198517,-25.729195962485814,-25.322834928985714,-25.22315366943866,-28.77058182963097,-27.431535979149242,-28.636972216872756,-28.744035910640555,-29.856538649045632,-29.61886432615269,-29.25307593228985,-29.974366668178643,0.0,0.0,0.0,0.0
-33.03465484504451,-33.07605482876525,-33.03921625468621,-33.07462262526154,-31.701816823275912,-31.540351243844512,-31.673567901763736,-31.605231901991477,-29.825411281352302,-30.341382842506242,-30.30281158154741,-30.4199417093858,0.0,0.0,0.0,0.0
0.0,0.0,0.0,0.0,-10.292418394493964,-10.504954739297732,-8.106433883568508,-8.903008273495557,-30.426205779185523,-28.087416485691012,-30.481267329302195,-30.689876899934685,0.0,0.0,0.0,0.0
0.0,0.0,-3.292201793331863,-3.4957565540934326,0.0,0.0,0.0,0.0,0.0,0.0,0.0,0.0,0.0,0.0,0.0,0.0
-7.916328713577365,-3.4693036247256472,-6.208441981117607,-5.387370222160543,-29.56749465588791,-28.969809537676014,-29.602824790314415,-29.554757540836395,-31.44674011134274,-30.891994084885756,-31.341442092440793,-31.39457847430176,0.0,0.0,0.0,0.0
-14.52587404084046,-15.169333824743397,-14.634841819748624,-13.526456562394038,-28.842464823460944,-29.092432496708923,-28.831807549550952,-28.921707132021666,-27.609861800520584,-27.857178964995896,-27.95922523206839,-27.684154416605864,0.0,0.0,0.0,0.0
0.0,0.0,-1.8430716923011055,-2.9429377667773595,-27.987800665176685,-27.229522482622293,-27.677227140957147,-27.217312172912898,-10.123704158330447,-10.283205905713395,-10.451762436527435,-10.156749102920193,0.0,0.0,0.0,0.0
-32.24875793315871,-32.37600445665329,-32.07351994055827,-32.128967665292116,0.0,0.0,0.0,0.0,0.0,0.0,0.0,0.0,0.0,0.0,0.0,0.0
0.0,-3.3662250715857827,-3.4240154991727483,-3.3753267961565814,-30.48844377315289,-30.93700339366582,-30.872866986218344,-31.071902205070092,0.0,0.0,0.0,0.0,0.0,0.0,0.0,0.0
-9.084378949547888,-8.744918145665208,-6.232038921487103,-6.142352024538839,-30.67892206657015,-30.855851740722926,-30.706606188881747,-30.68061948513411,0.0,0.0,0.0,0.0,0.0,0.0,0.0,0.0
-34.12054634058951,-34.05260695927485,-34.06849585838261,-33.947657547872865,-26.098659500278206,-26.042074622168464,-25.65066719977747,-26.272150004335828,0.0,0.0,0.0,0.0,0.0,0.0,0.0,0.0
-32.68549952442784,-32.379047264101864,-32.545324010218096,-32.2030740899131,0.0,0.0,0.0,0.0,0.0,0.0,0.0,0.0,0.0,0.0,0.0,0.0
-25.674083204878745,-26.035331486568218,-25.946162755048725,-26.232205894039797,-26.627243382567592,-26.290065752361084,-26.693460689630392,-26.686850006116764,-26.958721065276116,-27.28564944066385,-27.018353425271087,-25.082244206110204,-25.325963245976887,-24.901331105895387,-25.06826403047359,-23.86629665751263
-28.137666508232023,-27.10728565139822,-27.959364274140963,-28.21767817431154,-28.917151508594195,-28.988132782269634,-28.982690566707213,-28.924139530819573,-28.896963632024757,-27.399886416077244,-28.577866474018293,-29.075495850239285,-26.384632110731395,-26.28478577553405,-26.288721001660715,-25.1006172502462
-28.81555173474195,-28.813169407554316,-28.845894610524606,-27.675854564921764,-28.60413380055832,-28.495641318204058,-28.804456457639777,-28.564093707208126,-30.53350230019687,-29.540422941130622,-30.450445775521413,-30.60547668899599,-27.979840990642167,-26.14130503294286,-27.95588956989546,-27.943742287382886
-28.777816736048365,-30.325596084499654,-30.295303370506915,-30.242694399430782,0.0,0.0,0.0,0.0,-30.09848913159397,-30.151179039557178,-30.243748957347385,-29.855878609942785,-28.653649714496662,-28.546727204316717,-28.742608508670607,-27.354561151526767
-28.470278644441468,-29.61534934681796,-29.582757092556264,-29.671614688774646,-26.768390172092793,-28.080428557368364,-28.08774218236357,-28.097531334458495,-29.663881028400105,-29.796313203656517,-29.645496790902016,-27.93413374095865,-26.96115450566408,-26.977763454764432,-26.64974619092346,-27.080444423832525
-29.386075321025487,-28.02826388869519,-29.384092984331872,-29.1966514135429,-30.537873253556757,-30.428177707845943,-30.463509828014303,-29.064966539946003,-30.401140390607285,-30.432326209578086,-30.41883264229218,-30.318402060771927,-27.38214681590129,-27.39500240961248,-27.405308142417326,-27.087322661608
-28.86835674903576,-29.687189313922772,-29.679703237648603,-29.684554364509765,-31.553803314352518,-32.243958867676405,-32.2856923048197,-32.37091759091647,-30.2407365239023,-30.581665207394142,-29.530457330431293,-29.99145237777357,-29.154223719345552,-28.949931932156616,-28.35862057678649,-28.83746646204827
-30.32160214674314,-31.255901520889047,-31.23999071175252,-31.23974121486879,0.0,0.0,0.0,0.0,-19.541494908155464,-20.211670199242686,-20.124703310914875,-19.474951226276193,-28.32074214702006,-29.396148904006676,-29.399861923343327,-29.392479761053977
-31.151087486521114,-31.063540046322185,-30.48015580698425,-31.138001263684465,-28.367939387940527,-28.3217209215534,-28.117601229960027,-28.40021686854769,-31.114618119503223,-30.840035448295485,-31.107556822019607,-31.22271712184165,-28.527070966039176,-28.217001094418375,-27.613442814919402,-28.358730359178953
-30.344047509594173,-31.001644326812684,-31.667684190616193,-31.153215144488996,-30.543101842173606,-30.61968873198373,-30.231923917617856,-30.53652499399093,-31.729836464938103,-31.698832132820897,-31.09726347390192,-31.86696421086846,-29.118762838315476,-29.08847342189759,-29.068170626205696,-27.97436359025532
-31.607999336562578,-31.39742113755331,-30.756248647635847,-31.56917731598538,-31.505971287179534,-31.504853488333985,-30.098546959114653,-31.523228438676572,-24.25856661426062,-24.915281546944605,-24.26847589430429,-24.571610023858277,-30.83003566528845,-30.13095081072848,-30.92863346343166,-30.963280002058845
-31.394344573432797,-31.430380905669047,-31.136746981837646,-31.500192275672333,0.0,0.0,0.0,0.0,0.0,0.0,0.0,-3.3673981052615534,-31.1813703008503,-30.78789360630439,-31.204125767174066,-31.217933377139303
-30.123229349413577,-30.232238239790068,-30.316674342413982,-30.347336307074148,-30.055674362072118,-29.977242470743892,-29.18502174310644,-29.99721879056691,0.0,0.0,0.0,0.0,-28.64447939369777,-28.665636757306004,-27.864941007962916,-28.50346644519763
-31.760333541451285,-31.792239324105292,-31.779284530406983,-31.089034420052137,-31.43151031539079,-31.5098067629487,-31.219146950486802,-31.44823086439242,0.0,0.0,0.0,0.0,-28.85977812541649,-29.724735394231722,-29.76732530544577,-29.711340958755393
-31.812039790923794,-31.857755719288924,-31.86777592680524,-31.83385153328081,-25.758674951757996,-25.354085412946134,-26.041036818683757,-25.328682116961986,0.0,0.0,0.0,0.0,-31.018711243205328,-31.16349739937238,-31.028794880002696,-31.07318735004375
-32.10175374258502,-32.15029755080805,-32.203697538541064,-32.22204850497601,0.0,0.0,0.0,0.0,0.0,0.0,0.0,0.0,-31.031708546436548,-31.144933990259275,-31.15326282571988,-31.189555861953853
-28.63583279953121,-28.815741343208153,-28.87888949879098,-28.956678338212875,-29.111402852164815,-29.071027815416077,-28.989612300305712,-27.29994406999397,-27.744312614647367,-27.78031896170544,-25.20410748735991,-27.83088835114861,-27.27487184510131,-26.86122589366284,-27.308285522376796,-27.187695504262166
-30.721149325639455,-30.563353732796752,-30.774663036761027,-29.993876967106964,-29.610002282072728,-30.921942672522963,-30.782001944006375,-30.984358696724236,-28.861411378856708,-29.02899878552337,-28.928889716843713,-27.099738820711696,-28.59491686532199,-28.69553028432219,-27.503161912264076,-28.64990617700591
-30.86531591858429,-30.23744664335927,-30.707000055277415,-30.73652487115514,-31.938349237472835,-32.051167016803404,-31.869580546599604,-31.61182563654173,-30.373106846356272,-30.466149643875056,-29.229002904244616,-30.529011770424354,-28.99329404434309,-30.036802728753514,-30.15766848196187,-30.09244325341968
-32.76668958435778,-32.38587158269312,-32.923166490607116,-32.822991330931885,0.0,0.0,0.0,0.0,-30.69200477140573,-30.662046544726913,-30.57707447078913,-29.469055901152437,-30.44307570979747,-30.413889962322237,-30.494271507593876,-30.05874204588487
-30.71746667435732,-30.964440488694216,-30.864020066537954,-31.049430577537066,-28.483275842820653,-28.30032966166818,-27.15563337980203,-28.151940732371692,-30.00110759543879,-28.128557407734252,-29.945465392033064,-30.06961825050707,-29.3826965469655,-28.267735216724844,-29.39331004812844,-29.43062808399951
-31.425150772355895,-31.45451826254177,-30.512240565973084,-31.251070185462876,-31.134843008294116,-30.93953773051074,-30.906638523076936,-30.28678678817247,-31.224975816906152,-29.034236454733307,-31.521852531983544,-31.12016191173809,-30.19405966235571,-30.23269652784892,-28.98339036086154,-30.18961754366272
-31.71756556119451,-31.6947670381806,-31.76297840355092,-30.44169975134097,-33.66068419791893,-33.54571135605088,-33.491517331520406,-33.13756864141781,-31.8627819948137,-31.762416768547475,-31.720232605967958,-30.655248824074896,-27.989918744975036,-28.17053518221119,-27.8935843635343,-28.215839312787377
-32.50487826506074,-33.505176217600074,-33.42042269118239,-33.449528172070856,0.0,0.0,0.0,0.0,-12.557858214544886,-14.312555444088591,-14.109533367221626,-14.059872027800221,-17.55111343112442,-17.21647297911271,-17.400661872667023,-18.21912311235326
-31.953049980384634,-32.05403672818812,-32.09661276748571,-31.307718101608117,-27.28007886188001,-29.278204123867432,-29.38661708516144,-29.00771470448911,-29.548178934601083,-31.1210543679257,-31.231383457418424,-31.140072504976185,-30.434849670254582,-29.68325589051463,-30.796384678353967,-30.63875369741057
-34.39192300255055,-34.5774045129303,-34.44508439039178,-34.22030334351878,-31.423148910844464,-29.652597744256916,-31.857744298735238,-31.421136798167726,-32.5979867613223,-32.14811509400734,-32.66394245396655,-32.306171775888906,-31.026687749187722,-31.709930356474736,-31.511706466804505,-31.639943688383326
-33.93173834598751,-33.908943593554355,-33.86245985699611,-33.50529378018261,-28.789652413854505,-28.475330293754745,-28.544228296241492,-28.63095016452407,-26.648806086032003,-26.66955601152345,-26.93211693927735,-26.240555333994386,-26.639539177029295,-25.557104541428306,-25.475011161513265,-25.799096375419545
-32.71758786527259,-32.033382190773466,-32.74674106776894,-32.79870970134838,0.0,0.0,0.0,0.0,0.0,0.0,0.0,0.0,-3.518416105101308,-5.47055881997811,-6.589382063831726,-6.063163657068568
-15.21324201675195,-14.612380983066071,-14.549646160169594,-14.527507659721788,-30.431749778563436,-30.571813070039298,-29.12564639026963,-30.71194951784729,0.0,0.0,0.0,0.0,-29.772426332980167,-29.65282866091269,-29.347263220076883,-29.86786544972656
-34.09664612226239,-34.09528272569957,-33.96285882244388,-34.106416899849954,-32.6360652449622,-32.662610253574606,-32.62728567632271,-32.729118807307444,0.0,0.0,0.0,0.0,-8.088035729447641,-8.461573951005713,-5.9066230263603705,-8.811544487804195
-32.82903595729578,-33.35418710750501,-33.396483214667796,-33.58976794556365,-26.568916303424032,-26.871674898074044,-26.207111834187256,-25.956696107026517,0.0,0.0,0.0,0.0,-7.942073492737048,-7.821087111462173,-5.701941012745641,-9.119231124189895
-33.90947516995321,-34.109028366689486,-33.944601877981604,-34.05791824125375,0.0,0.0,0.0,0.0,0.0,0.0,0.0,0.0,0.0,0.0,0.0,0.0
-25.935860169688198,-26.174285146314496,-26.035583382164454,-26.25646596592999,-31.170342221999135,-30.89937827798991,-29.999679312000413,-31.38549799228115,-28.123505124814134,-28.507380295196402,-27.880893701920296,-25.895791763134365,-28.659736537023534,-27.8205752387764,-28.715333047486503,-28.721120457853836
-33.05758490449983,-31.000225339784823,-32.94876196547965,-33.00855983659101,-33.42668879163658,-33.53469274663574,-31.64655864902511,-33.33892058000695,-26.388244138142298,-28.79469056459681,-28.705058433647547,-28.814803068409006,-29.87732566519118,-29.761984069731298,-29.83825080759667,-29.91956600806527
-32.572544880732124,-32.400789496205384,-32.60704274229171,-32.64346937840447,-32.21020570634529,-31.610338499392554,-31.83039980738399,-32.2100210471734,-31.22440053537722,-29.060379765716895,-31.101106389446606,-30.80454927929097,-30.572100936856323,-31.073441925816105,-31.12732381917284,-31.093956150330477
-34.57687578695015,-34.42834724127929,-34.487134670736026,-34.55858893732653,0.0,0.0,0.0,0.0,-30.860048398445656,-30.79576270854082,-30.9448185445288,-31.01224332912378,-31.897032678499407,-31.82741239992724,-31.84343140409551,-31.53206566407764
-32.711055264537414,-32.18178053393975,-32.66720354953356,-32.80297314290575,-30.956662780937677,-29.964479518518647,-30.888162393704224,-30.7128373826952,-30.208506478138585,-30.112672386990575,-29.78299989767499,-30.132262369855418,-30.292133476111196,-30.817178769261282,-30.73553492286067,-30.75155941542681
-33.24473169990288,-34.432690994743304,-34.519051458356685,-34.44765453992453,-33.70254771833559,-33.025450802856085,-33.92530319238929,-33.870889528742175,-31.354059344286284,-31.139461340862983,-31.282831014340413,-30.900514809142148,-31.256679822906914,-30.92215534929829,-31.201779517953966,-31.197898137580435
-33.9284928376625,-33.94825537989888,-33.93056983520569,-33.5169460161993,-33.241666845532585,-33.59042011205751,-33.33451511643696,-33.32418139720711,-28.695913237349735,-28.964012627788545,-29.91017201539225,-29.043897666170604,-18.58924209817517,-18.970770661435065,-17.541752316660933,-18.70231988206644
0.0,0.0,0.0,0.0,0.0,0.0,0.0,0.0,0.0,0.0,0.0,0.0,0.0,0.0,0.0,0.0
-37.68988847736324,-37.30968951366225,-36.33170566252581,-37.48921106781778,-31.419150371457583,-29.43560396241837,-31.39226661314371,-31.442455800922197,-31.34175039574374,-31.355927933420794,-31.341879007709274,-30.602132026733972,-30.854451815389325,-31.724269138711612,-31.795122816829835,-31.860638050668854
-36.24737140338086,-36.28946890791638,-36.08035083902407,-34.88670445209457,-33.99486903798174,-33.932034997417205,-34.08123492683482,-33.79411394060738,-28.29742384373905,-28.302304168292178,-28.502672910942785,-28.30156179667828,-9.317490536060232,-11.45350083587474,-10.353795276394457,-12.696520886207319
-37.81426404711425,-39.30471822788263,-38.68068679371556,-38.71838786527917,-30.164845566020904,-30.707473486768013,-30.031946966687563,-30.133414562747944,-14.76076795582169,-14.433108606369018,-13.906057945205767,-13.368674977077635,-18.357343889693258,-18.42808796458563,-18.711266262754556,-18.52659355530782
-35.50445476443589,-35.48036843244002,-35.03416537479122,-35.627528047973456,0.0,0.0,0.0,0.0,0.0,0.0,0.0,0.0,0.0,0.0,0.0,0.0
-36.85171269951702,-35.67623460474009,-36.63577802409102,-36.5840797701752,-32.46539391607385,-32.96546737906811,-32.016798734955074,-32.53182708777478,0.0,0.0,0.0,0.0,-13.252645036366001,-13.724369227975519,-12.441278321263814,-13.295964366937616
-6.342513929581393,-5.968631101260227,-3.1776807264594393,-3.604421770562715,-31.543994168073475,-30.64721376637445,-31.207943144005885,-31.138158259269282,0.0,0.0,0.0,0.0,0.0,0.0,0.0,0.0
-35.53119596367451,-35.80282012972563,-35.214507846816375,-35.60218862963586,-26.78052778037927,-26.149895414172136,-26.99585200493874,-26.852107025069255,0.0,0.0,0.0,0.0,0.0,0.0,0.0,0.0
0.0,0.0,0.0,0.0,0.0,0.0,0.0,0.0,0.0,0.0,0.0,0.0,0.0,0.0,0.0,0.0
-2.934189407212775,-5.747572800799543,-8.61034852477982,-5.655355400510724,-31.15797306549688,-30.93873326493432,-30.735975555400824,-31.015989171266533,-29.10829804817815,-29.502760909212174,-29.19857901098244,-27.850040073102875,0.0,0.0,0.0,0.0
-32.52907591101656,-32.600939953315276,-32.55720236646381,-32.17007609848584,-11.978739788303617,-12.723631141206452,-12.536506819305506,-11.393760709665342,-28.26580769428178,-29.64442751194637,-29.84225813820387,-29.919977004649244,0.0,0.0,0.0,0.0
-6.217719739513303,-4.512938785265302,-5.482565660147532,-5.088934231860294,0.0,-3.603941391191488,-3.422962077942228,-2.7124643798462023,-31.86745501429074,-31.840730425806434,-31.75080499303494,-30.759097813121873,0.0,0.0,0.0,0.0
-3.0465363215236025,-2.813060956056792,-3.929241912901822,-4.867893358771511,0.0,0.0,0.0,0.0,-32.1004863764388,-32.139676051569694,-32.06996554786424,-32.26946043307597,0.0,0.0,0.0,0.0
-8.480399000287399,-8.808635652047837,-8.081436259469399,-8.305686424576173,-31.158125064458456,-31.21459085950942,-31.07893945681318,-29.479657704206836,-31.394440291005537,-30.769185247829043,-31.570249500697336,-31.546521557883295,0.0,0.0,0.0,0.0
-8.70764141060485,-8.689400127529373,-6.692598708326969,-8.973672500019546,-14.577739259387926,-14.947746734224637,-15.704827077060928,-13.790129258862661,-28.626158661481803,-28.993160794084673,-28.787332898264047,-29.72787646339885,0.0,0.0,0.0,0.0
0.0,0.0,0.0,0.0,-2.97990161745079,0.0,0.0,-2.807783873031949,-14.712263208305275,-18.39922628800611,-15.649355576173381,-14.689810556681461,0.0,0.0,0.0,0.0
-33.87213046372719,-33.93287178442666,-33.87939735119779,-33.85878254204695,0.0,0.0,0.0,0.0,0.0,0.0,0.0,0.0,0.0,0.0,0.0,0.0
0.0,0.0,0.0,0.0,-31.56502106710472,-31.599711794715294,-30.651013944749586,-31.542705934890844,-32.346248758463766,-32.30021823874477,-32.34623578957006,-32.451725702342756,0.0,0.0,0.0,0.0
0.0,0.0,0.0,0.0,-29.23259422713531,-29.362261963280528,-29.43349079925581,-29.06221189806202,-17.748311907284993,-16.417204358779276,-17.401157391331303,-15.939609080962605,0.0,0.0,0.0,0.0
0.0,0.0,0.0,0.0,-29.75226042497361,-28.56051672484587,-29.686991280764996,-29.844136636219154,-9.76490060821656,-11.60862523587678,-10.911057997122871,-13.528254385249902,0.0,0.0,0.0,0.0
0.0,0.0,0.0,0.0,0.0,0.0,0.0,0.0,0.0,0.0,0.0,0.0,0.0,0.0,0.0,0.0
-6.609158813138183,-3.8123994951206166,-6.617530258587171,-9.57093532266418,-32.266798015857425,-33.40713696470121,-33.533952491456006,-33.402710498499076,0.0,0.0,0.0,0.0,0.0,0.0,0.0,0.0
-36.49745357084549,-36.54585797537971,-36.67972053546439,-36.70241473110373,-25.291486126332163,-25.741324641281608,-25.19382624838827,-25.28821386640423,0.0,0.0,0.0,0.0,0.0,0.0,0.0,0.0
0.0,0.0,0.0,0.0,-22.507144816940354,-21.493311068448552,-21.550046926057608,-22.082365915372183,0.0,0.0,0.0,0.0,0.0,0.0,0.0,0.0
0.0,0.0,0.0,0.0,0.0,0.0,0.0,0.0,0.0,0.0,0.0,0.0,0.0,0.0,0.0,0.0
0.0,0.0,0.0,0.0,-19.228404391797717,-19.420074780730946,-19.544391465562658,-19.166165703480765,-27.261827088450715,-27.18905941859846,-27.122230538277545,-27.16927563625367,-26.90995754257705,-26.94800691602539,-25.680191491335552,-27.018724868448608
0.0,0.0,0.0,0.0,-17.276135915586377,-18.675191795254886,-18.067293339524753,-18.605415163962757,-29.268183079447333,-29.22062996818568,-28.863617538875125,-29.171346189598502,-25.873758246622483,-27.890920153540666,-27.85372103319432,-28.15570927333333
0.0,0.0,0.0,0.0,-7.509153384920413,-5.662326503855721,-3.1928421801949862,-6.022537146200712,-30.653984849274835,-30.657020208858473,-30.597529558765427,-30.698754998204706,-28.337841507184493,-29.15554898048876,-29.15306730423225,-29.328621425344053
0.0,0.0,0.0,0.0,0.0,0.0,0.0,0.0,-24.15785250033506,-24.50504110828569,-24.59731635478613,-24.444582530815953,-30.414808842233832,-30.365639480477082,-29.99780758249829,-30.374601191795904
0.0,0.0,0.0,0.0,-27.717174969560183,-27.229385802077605,-27.7815095214684,-27.82009621938699,-29.848053479370968,-29.825677346060036,-29.710128110065,-29.853556656327367,-28.792783597657255,-27.842817543216277,-28.5302985959173,-28.555760960065882
0.0,0.0,0.0,0.0,-30.3772336396133,-30.394891343426124,-30.39773256114659,-29.71887131394527,-30.721805260685564,-30.70481692793901,-30.61784110139107,-30.66260412995251,-28.746629422654454,-28.821209135381025,-28.698627385229862,-27.66195761852104
0.0,0.0,0.0,0.0,-32.19036752017743,-32.1813304200673,-32.18736791316251,-31.92324202925269,-5.374296642792434,-6.009194302419488,-8.359722320975003,-8.343130978635756,-28.117788044661616,-29.34707061303213,-29.38840508184757,-29.474263699092504
0.0,0.0,0.0,0.0,0.0,0.0,0.0,0.0,0.0,-3.6056420380505934,-3.4493120626830507,-3.409554743127208,-30.90020527388589,-31.033644174585312,-30.882982867179848,-30.05325437307119
0.0,0.0,0.0,0.0,-28.92695407638047,-28.05466332097241,-28.985304208655045,-28.942026162300753,-31.030274103026585,-31.025367961811728,-31.054489481569867,-30.947185118236533,-30.348382922025465,-29.962169128619454,-28.784067892495816,-30.25897372823242
0.0,0.0,0.0,0.0,-30.626125631164996,-30.54584250291205,-30.649627378536316,-30.663437588808094,-13.265998712255534,-12.663276842469926,-12.213606207581524,-12.330793023602217,-30.745632671240656,-30.65341983576675,-29.590118771777206,-30.65585067618522
0.0,0.0,0.0,0.0,-6.760583142848883,-8.836716859105332,-8.636678226257537,-8.376029431490707,0.0,0.0,0.0,-3.6436085539396874,-32.253690047172825,-32.291085615115925,-32.319781702998455,-32.00523848830896
0.0,0.0,0.0,0.0,0.0,0.0,0.0,0.0,0.0,0.0,0.0,0.0,-33.56390462379302,-33.208104941751024,-33.61730722007389,-33.61804161249564
0.0,0.0,0.0,0.0,-29.941574380279626,-30.11115244441929,-29.747927455086284,-30.013897591814448,0.0,0.0,0.0,0.0,-30.214889972505866,-29.55376175380715,-31.226751861433883,-30.45325304998387
0.0,0.0,0.0,0.0,-8.259111320087968,-8.132273158497071,-8.460870108621307,-9.34392873031979,0.0,0.0,0.0,0.0,-30.26060987478107,-31.48839472495358,-31.151183715933907,-30.98140765848657
0.0,0.0,0.0,0.0,0.0,0.0,0.0,0.0,0.0,0.0,0.0,0.0,-33.887392642675856,-34.16900655966244,-33.37364352199053,-34.06799322053504
0.0,0.0,0.0,0.0,0.0,0.0,0.0,0.0,0.0,0.0,0.0,0.0,-34.54677784635083,-34.30077711724053,-33.760676501792176,-34.373540225027746
0.0,0.0,0.0,0.0,-28.93621791126539,-28.331071036199848,-28.947982131154987,-28.873008852316794,-27.912737011746543,-27.380158689168233,-27.75008564396354,-27.713645635877803,-29.20103500246268,-28.746328983280073,-29.184680205339138,-29.424605403549915
0.0,0.0,0.0,0.0,-23.60038590662061,-22.85665543223002,-23.749368888885638,-23.521739525967153,-28.912080077096324,-28.87979940959512,-28.897969693812062,-27.62957648640891,-30.102869717044992,-29.206151058859877,-30.017610003213125,-29.915728186030176
0.0,0.0,0.0,0.0,-12.59985849432113,-12.138187229904384,-12.315188745797437,-10.77605549982865,-30.996247736680285,-30.965653810315033,-30.832640361059664,-30.953829723580945,-31.735193750717535,-31.75952346778739,-31.82660784364915,-30.489293888168284
0.0,0.0,0.0,0.0,0.0,0.0,0.0,0.0,-31.203566957668556,-31.01123382669638,-31.289142133232485,-31.305827403433174,-33.39494073143609,-32.97755850318877,-33.488162449534435,-32.68346273441388
0.0,0.0,0.0,0.0,-28.48632586907183,-27.161312825089436,-28.897656827126802,-28.50217472557277,-30.190237799535907,-30.22100953058095,-29.528746428733506,-30.298746272691968,-31.75173397634017,-28.983669430924994,-30.80529546745322,-30.97334528200062
0.0,0.0,0.0,0.0,-32.30120293537696,-31.455812991256174,-32.283919908183854,-32.392529727824495,-30.88999903280152,-30.718028727669363,-30.886435414395176,-30.83655861712314,-32.13356709861757,-32.22032591812357,-31.652161875357123,-32.109363694744594
0.0,0.0,0.0,0.0,0.0,0.0,0.0,-3.3916181281084707,-23.76726492207577,-24.478976351477858,-23.866912442661974,-23.934206808120962,-32.08202514541838,-32.53693749775733,-32.445558799916114,-32.44815175114887
0.0,0.0,0.0,0.0,0.0,0.0,0.0,0.0,0.0,0.0,0.0,0.0,-36.70736008352468,-37.52333368191779,-37.35582203302647,-37.32494741477654
0.0,0.0,0.0,0.0,-29.468739764525807,-29.16897894550651,-29.467070941391313,-29.464301225945185,-31.069774052340968,-31.848571279328507,-32.0043896615014,-32.070535130347416,-33.68786573227619,-34.57209707543453,-34.308427395357214,-34.250216494472426
0.0,0.0,0.0,0.0,0.0,0.0,0.0,0.0,-19.485033604243092,-17.729921330509615,-19.026424966499935,-18.904593077997287,-33.0812110895682,-33.16876021350487,-33.153848730831136,-32.12089431838666
0.0,0.0,0.0,0.0,0.0,0.0,0.0,0.0,0.0,0.0,0.0,-3.650459941280259,-36.58590476196597,-36.51421160645511,-36.66423965222217,-35.722619532124625
0.0,0.0,0.0,0.0,0.0,0.0,0.0,0.0,0.0,0.0,0.0,0.0,0.0,0.0,0.0,0.0
0.0,0.0,0.0,0.0,-30.93603167065294,-29.294486563660133,-30.969902445634833,-30.982206464973444,0.0,0.0,0.0,0.0,-34.40402428118166,-33.274631130454125,-34.44877665688562,-34.52308475131099
0.0,0.0,0.0,0.0,0.0,-0.9,0.0,0.0,0.0,0.0,0.0,0.0,-37.094687176628064,-37.11327850176798,-37.31002148618964,-37.31273136420129
0.0,0.0,0.0,0.0,0.0,0.0,0.0,0.0,0.0,0.0,0.0,0.0,0.0,0.0,0.0,0.0
0.0,0.0,0.0,0.0,0.0,0.0,0.0,0.0,0.0,0.0,0.0,0.0,0.0,0.0,0.0,0.0
0.0,0.0,0.0,0.0,-29.86737629401916,-30.202366735471184,-30.01670975367955,-29.93710477527062,-28.557394820295755,-26.961153356481773,-28.643615693384177,-28.612319293226086,-31.035987167477863,-31.198959307929776,-30.414902083902632,-31.258848402412127
0.0,0.0,0.0,0.0,-7.266294922385601,-8.841635605752375,-9.411889130468222,-8.186103176158941,-29.28646453799355,-28.150936307623503,-29.246484429949454,-29.54163790737373,-31.543227392920485,-31.477950364814372,-31.569125898692363,-30.801487523826758
0.0,0.0,0.0,0.0,0.0,0.0,0.0,0.0,-31.691889842293726,-31.699305124539144,-31.380091414377752,-30.9020171152861,-32.53930956455117,-33.321721994154345,-33.58564843882898,-33.434019186245784
0.0,0.0,0.0,0.0,0.0,0.0,0.0,0.0,-31.86261393956593,-31.8467490473187,-31.86053771107187,-31.289396252676585,-34.90737403205982,-34.93550787407446,-34.94613053525458,-33.16118811843157
0.0,0.0,0.0,0.0,-31.289918651233336,-31.449089701561626,-31.33533538126084,-29.391013653726432,-30.87080279488938,-30.798089938355552,-30.035185244166982,-30.847807871133263,-34.200207467693616,-34.279853460898295,-33.87194405996262,-34.21962996725212
0.0,0.0,0.0,0.0,-5.992771792206744,-3.5401325408593465,-7.850913496463611,-3.369565047420245,-22.934111164352437,-22.680492471204634,-22.142382958587998,-23.397344451282418,-36.33778137850123,-35.59777955265793,-36.01114013919905,-36.10271419107045
0.0,0.0,0.0,0.0,0.0,0.0,0.0,0.0,0.0,0.0,0.0,0.0,-36.726484590953405,-37.324577750445876,-37.352889904974326,-37.33340499846942
0.0,0.0,0.0,0.0,0.0,0.0,0.0,0.0,0.0,0.0,0.0,0.0,0.0,0.0,0.0,0.0
0.0,0.0,0.0,0.0,-31.492099472314404,-31.50906642397085,-31.504691028372783,-30.65491477783469,-32.66833808921266,-31.80083284344624,-31.942520608679654,-32.44590874997142,-35.79331980526075,-35.89198883179572,-35.62502442509414,-34.67568691057636
0.0,0.0,0.0,0.0,0.0,0.0,0.0,0.0,0.0,0.0,0.0,0.0,-38.4958436038953,-38.03076468134846,-38.44152425628608,-38.382267957039645
0.0,0.0,0.0,0.0,0.0,0.0,0.0,0.0,0.0,0.0,-3.0908718878968315,0.0,-39.23527634586526,-39.22733140836408,-39.01644408121902,-39.1527850104622
0.0,0.0,0.0,0.0,0.0,0.0,0.0,0.0,0.0,0.0,0.0,0.0,0.0,0.0,0.0,0.0
0.0,0.0,0.0,0.0,-32.60554354552616,-33.144043768546794,-32.59197136993824,-32.655979996468346,0.0,0.0,0.0,0.0,-36.31590536372106,-36.267348461677194,-36.25722301027583,-34.594041984076554
0.0,0.0,0.0,0.0,0.0,0.0,0.0,0.0,0.0,0.0,0.0,0.0,0.0,0.0,0.0,0.0
0.0,0.0,0.0,0.0,0.0,0.0,0.0,0.0,0.0,0.0,0.0,0.0,0.0,0.0,0.0,0.0
0.0,0.0,0.0,0.0,0.0,0.0,0.0,0.0,0.0,0.0,0.0,0.0,0.0,0.0,0.0,0.0
0.0,0.0,0.0,0.0,-23.383961877333494,-23.062669080459266,-23.93631527267586,-23.27162410398705,-31.045759267743897,-32.67384220780895,-31.931468678894742,-31.669998322805398,0.0,0.0,0.0,0.0
0.0,0.0,0.0,0.0,0.0,0.0,-3.274510273404313,-3.4603952494111283,-31.65670770331783,-31.54142150503575,-30.507418003326418,-31.526610867494494,0.0,0.0,0.0,0.0
0.0,0.0,0.0,0.0,0.0,-3.0597766883448383,-3.422640748959903,-3.4604951026380406,-33.16995632195037,-34.42979155424625,-34.46472057564858,-34.455666388703584,0.0,0.0,0.0,0.0
0.0,0.0,0.0,0.0,0.0,0.0,0.0,0.0,-34.95049926331365,-35.00017357402783,-33.18598969688311,-35.008641451522536,0.0,0.0,0.0,0.0
0.0,0.0,0.0,0.0,-31.763198570726708,-31.010714208746812,-31.74142374459923,-31.686428737136733,-34.46762722371363,-34.863049587120344,-34.5344168443445,-34.28853340835283,0.0,0.0,0.0,0.0
0.0,0.0,0.0,0.0,0.0,0.0,-3.7035259859558183,-3.320864745743552,-37.71316987101136,-36.83279952348588,-37.668812373941336,-37.90459614709321,0.0,0.0,0.0,0.0
0.0,0.0,0.0,0.0,0.0,0.0,0.0,0.0,-40.04869940341034,-39.19058507720556,-40.02702660175023,-40.02864407055097,0.0,0.0,0.0,0.0
0.0,0.0,0.0,0.0,0.0,0.0,0.0,0.0,0.0,0.0,0.0,0.0,0.0,0.0,0.0,0.0
0.0,0.0,0.0,0.0,-33.27189541602385,-32.50923451624291,-32.98098648958119,-32.98942274440189,-35.622200954210726,-35.821475278120964,-35.91607108300255,-35.08843145952996,0.0,0.0,0.0,0.0
0.0,0.0,0.0,0.0,0.0,0.0,0.0,0.0,-39.94964291776387,-40.23525733823782,-39.417500814833915,-39.89024456977835,0.0,0.0,0.0,0.0
0.0,0.0,0.0,0.0,0.0,0.0,0.0,0.0,-40.23574402434556,-41.11638469703609,-40.97344765440199,-40.96028093015241,0.0,0.0,0.0,0.0
0.0,0.0,0.0,0.0,0.0,0.0,0.0,0.0,0.0,0.0,0.0,0.0,0.0,0.0,0.0,0.0
0.0,0.0,0.0,0.0,-36.033908055572994,-36.18836221314687,-34.60909767218859,-35.8908624192103,0.0,0.0,0.0,0.0,0.0,0.0,0.0,0.0
0.0,0.0,0.0,0.0,-40.96206268176218,-40.86838121013292,-41.036635109447914,-39.10603792452129,0.0,0.0,0.0,0.0,0.0,0.0,0.0,0.0
0.0,0.0,0.0,0.0,-43.45412203234051,-39.95685236271698,-43.27713990663438,-43.41468331708233,0.0,0.0,0.0,0.0,0.0,0.0,0.0,0.0
-41.866172654696776,-45.323668415186155,-45.616676160794576,-45.50400763836791,0.0,0.0,0.0,0.0,0.0,0.0,0.0,0.0,0.0,0.0,0.0,0.0
